http://itd.rada.gov.ua/mps/info/page/2524,Абдуллін Олександр Рафкатович
http://itd.rada.gov.ua/mps/info/page/15669,Агафонова Наталія Володимирівна
http://itd.rada.gov.ua/mps/info/page/16067,Алексєєв Ігор Сергійович
http://itd.rada.gov.ua/mps/info/page/17993,Алєксєєв Сергій Олегович
http://itd.rada.gov.ua/mps/info/page/12290,Амельченко Василь Васильович
http://itd.rada.gov.ua/mps/info/page/15839,Андрієвський Дмитро Йосипович
http://itd.rada.gov.ua/mps/info/page/17983,Антонищак Андрій Федорович
http://itd.rada.gov.ua/mps/info/page/18058,Арешонков Володимир Юрійович
http://itd.rada.gov.ua/mps/info/page/11118,Ар'єв Володимир Ігорович
http://itd.rada.gov.ua/mps/info/page/18059,Артюшенко Ігор Андрійович
http://itd.rada.gov.ua/mps/info/page/18007,Бабак Альона Валеріївна
http://itd.rada.gov.ua/mps/info/page/4427,Бабенко Валерій Борисович
http://itd.rada.gov.ua/mps/info/page/18604,Бабій Юрій Юрійович
http://itd.rada.gov.ua/mps/info/page/18060,Бакулін Євген Миколайович
http://itd.rada.gov.ua/mps/info/page/17994,Бакуменко Олександр Борисович
http://itd.rada.gov.ua/mps/info/page/15762,Балицький Євген Віталійович
http://itd.rada.gov.ua/mps/info/page/5566,Балога Віктор Іванович
http://itd.rada.gov.ua/mps/info/page/18061,Балога Іван Іванович
http://itd.rada.gov.ua/mps/info/page/15757,Балога Павло Іванович
http://itd.rada.gov.ua/mps/info/page/15761,Бандуров Володимир Володимирович
http://itd.rada.gov.ua/mps/info/page/9776,Барвіненко Віталій Дмитрович
http://itd.rada.gov.ua/mps/info/page/18062,Барна Олег Степанович
http://itd.rada.gov.ua/mps/info/page/18063,Батенко Тарас Іванович
http://itd.rada.gov.ua/mps/info/page/5520,Бахтеєва Тетяна Дмитрівна
http://itd.rada.gov.ua/mps/info/page/15734,Безбах Яків Якович
http://itd.rada.gov.ua/mps/info/page/19550,Бендюженко Федір Володимирович
http://itd.rada.gov.ua/mps/info/page/18064,Береза Борислав Юхимович
http://itd.rada.gov.ua/mps/info/page/17949,Береза Юрій Миколайович
http://itd.rada.gov.ua/mps/info/page/17568,Березенко Сергій Іванович
http://itd.rada.gov.ua/mps/info/page/14393,Березкін Станіслав Семенович
http://itd.rada.gov.ua/mps/info/page/18027,Березюк Олег Романович
http://itd.rada.gov.ua/mps/info/page/15684,Бєлькова Ольга Валентинівна
http://itd.rada.gov.ua/mps/info/page/18065,Білецький Андрій Євгенійович
http://itd.rada.gov.ua/mps/info/page/8723,Білий Олексій Петрович
http://itd.rada.gov.ua/mps/info/page/3471,Біловол Олександр Миколайович
http://itd.rada.gov.ua/mps/info/page/5503,Білозір Оксана Володимирівна
http://itd.rada.gov.ua/mps/info/page/16340,Білоцерковець Дмитро Олександрович
http://itd.rada.gov.ua/mps/info/page/15829,Бобов Геннадій Борисович
http://itd.rada.gov.ua/mps/info/page/11173,Богдан Руслан Дмитрович
http://itd.rada.gov.ua/mps/info/page/17972,Богомолець Ольга Вадимівна
http://itd.rada.gov.ua/mps/info/page/8725,Богуслаєв Вячеслав Олександрович
http://itd.rada.gov.ua/mps/info/page/16698,Бойко Олена Петрівна
http://itd.rada.gov.ua/mps/info/page/11094,Бойко Юрій Анатолійович
http://itd.rada.gov.ua/mps/info/page/15826,Бондар Віктор Васильович
http://itd.rada.gov.ua/mps/info/page/18066,Бондар Михайло Леонтійович
http://itd.rada.gov.ua/mps/info/page/17998,Брензович Василь Іванович
http://itd.rada.gov.ua/mps/info/page/15838,Бригинець Олександр Михайлович
http://itd.rada.gov.ua/mps/info/page/15796,Бриченко Ігор Віталійович
http://itd.rada.gov.ua/mps/info/page/15802,Бублик Юрій Васильович
http://itd.rada.gov.ua/mps/info/page/20287,Буглак Юрій Олександрович
http://itd.rada.gov.ua/mps/info/page/15655,Бурбак Максим Юрійович
http://itd.rada.gov.ua/mps/info/page/15257,Бухарєв Владислав Вікторович
http://itd.rada.gov.ua/mps/info/page/18067,Вадатурський Андрій Олексійович
http://itd.rada.gov.ua/mps/info/page/18068,Валентиров Сергій Васильович
http://itd.rada.gov.ua/mps/info/page/15787,Васюник Ігор Васильович
http://itd.rada.gov.ua/mps/info/page/17961,Величкович Микола Романович
http://itd.rada.gov.ua/mps/info/page/19857,Велікін Олег Маркович
http://itd.rada.gov.ua/mps/info/page/18008,Веселова Наталія Василівна
http://itd.rada.gov.ua/mps/info/page/17963,Висоцький Сергій Віталійович
http://itd.rada.gov.ua/mps/info/page/8737,Вілкул Олександр Юрійович
http://itd.rada.gov.ua/mps/info/page/18069,Вінник Іван Юлійович
http://itd.rada.gov.ua/mps/info/page/18043,Вітко Артем Леонідович
http://itd.rada.gov.ua/mps/info/page/12265,Власенко Сергій Володимирович
http://itd.rada.gov.ua/mps/info/page/8132,Вовк Віктор Іванович
http://itd.rada.gov.ua/mps/info/page/15807,Вознюк Юрій Володимирович
http://itd.rada.gov.ua/mps/info/page/11596,Войцеховська Світлана Михайлівна
http://itd.rada.gov.ua/mps/info/page/18021,Войціцька Вікторія Михайлівна
http://itd.rada.gov.ua/mps/info/page/8741,Воропаєв Юрій Миколайович
http://itd.rada.gov.ua/mps/info/page/18070,Гаврилюк Михайло Віталійович
http://itd.rada.gov.ua/mps/info/page/18046,Галасюк Віктор Валерійович
http://itd.rada.gov.ua/mps/info/page/18071,Гальченко Андрій Володимирович
http://itd.rada.gov.ua/mps/info/page/17985,Герасимов Артур Володимирович
http://itd.rada.gov.ua/mps/info/page/17952,Геращенко Антон Юрійович
http://itd.rada.gov.ua/mps/info/page/11121,Геращенко Ірина Володимирівна
http://itd.rada.gov.ua/mps/info/page/15827,Герега Олександр Володимирович
http://itd.rada.gov.ua/mps/info/page/8746,Гєллєр Євгеній Борисович
http://itd.rada.gov.ua/mps/info/page/5606,Гіршфельд Анатолій Мусійович
http://itd.rada.gov.ua/mps/info/page/15813,Головко Михайло Йосифович
http://itd.rada.gov.ua/mps/info/page/8238,Голуб Владислав Володимирович
http://itd.rada.gov.ua/mps/info/page/18074,Голубов Дмитро Іванович
http://itd.rada.gov.ua/mps/info/page/17984,Гончаренко Олексій Олексійович
http://itd.rada.gov.ua/mps/info/page/18002,Гопко Ганна Миколаївна
http://itd.rada.gov.ua/mps/info/page/17962,Горбунов Олександр Володимирович
http://itd.rada.gov.ua/mps/info/page/18075,Горват Роберт Іванович
http://itd.rada.gov.ua/mps/info/page/17995,Грановський Олександр Михайлович
http://itd.rada.gov.ua/mps/info/page/5414,Гринів Ігор Олексійович
http://itd.rada.gov.ua/mps/info/page/18077,Гудзенко Віталій Іванович
http://itd.rada.gov.ua/mps/info/page/14674,Гузь Ігор Володимирович
http://itd.rada.gov.ua/mps/info/page/19112,Гулак Олександр Миколайович
http://itd.rada.gov.ua/mps/info/page/18078,Гуляєв Василь Олександрович
http://itd.rada.gov.ua/mps/info/page/18036,Гусак Володимир Георгійович
http://itd.rada.gov.ua/mps/info/page/18079,Давиденко Валерій Миколайович
http://itd.rada.gov.ua/mps/info/page/20121,Данілін Владислав Юрійович
http://itd.rada.gov.ua/mps/info/page/18009,Данченко Олександр Іванович
http://itd.rada.gov.ua/mps/info/page/17956,Дейдей Євген Сергійович
http://itd.rada.gov.ua/mps/info/page/18080,Демчак Руслан Євгенійович
http://itd.rada.gov.ua/mps/info/page/15815,Денисенко Анатолій Петрович
http://itd.rada.gov.ua/mps/info/page/18081,Денисенко Андрій Сергійович
http://itd.rada.gov.ua/mps/info/page/17986,Денисенко Вадим Ігорович
http://itd.rada.gov.ua/mps/info/page/15768,Дерев'янко Юрій Богданович
http://itd.rada.gov.ua/mps/info/page/2284,Деркач Андрій Леонідович
http://itd.rada.gov.ua/mps/info/page/6130,Дехтярчук Олександр Володимирович
http://itd.rada.gov.ua/mps/info/page/2394,Джемілєв Мустафа
http://itd.rada.gov.ua/mps/info/page/15652,Дзензерський Денис Вікторович
http://itd.rada.gov.ua/mps/info/page/18082,Дзюблик Павло Володимирович
http://itd.rada.gov.ua/mps/info/page/15767,Дирів Анатолій Борисович
http://itd.rada.gov.ua/mps/info/page/18017,Діденко Ігор Анатолійович
http://itd.rada.gov.ua/mps/info/page/18083,Дідич Валентин Володимирович
http://itd.rada.gov.ua/mps/info/page/18084,Дмитренко Олег Миколайович
http://itd.rada.gov.ua/mps/info/page/15818,Добкін Дмитро Маркович
http://itd.rada.gov.ua/mps/info/page/5578,Добкін Михайло Маркович
http://itd.rada.gov.ua/mps/info/page/18085,Добродомов Дмитро Євгенович
http://itd.rada.gov.ua/mps/info/page/6201,Довбенко Михайло Володимирович
http://itd.rada.gov.ua/mps/info/page/18086,Довгий Олесь Станіславович
http://itd.rada.gov.ua/mps/info/page/15644,Долженков Олександр Валерійович
http://itd.rada.gov.ua/mps/info/page/15727,Домбровський Олександр Георгійович
http://itd.rada.gov.ua/mps/info/page/3849,Донець Тетяна Анатоліївна
http://itd.rada.gov.ua/mps/info/page/18221,Драюк Сергій Євсейович
http://itd.rada.gov.ua/mps/info/page/18222,Дроздик Олександр Валерійович
http://itd.rada.gov.ua/mps/info/page/12272,Дубіль Валерій Олександрович
http://itd.rada.gov.ua/mps/info/page/18087,Дубінін Олександр Іванович
http://itd.rada.gov.ua/mps/info/page/18088,Дубневич Богдан Васильович
http://itd.rada.gov.ua/mps/info/page/15790,Дубневич Ярослав Васильович
http://itd.rada.gov.ua/mps/info/page/15780,Дунаєв Сергій Володимирович
http://itd.rada.gov.ua/mps/info/page/18089,Євлахов Анатолій Сергійович
http://itd.rada.gov.ua/mps/info/page/11728,Євтушок Сергій Миколайович
http://itd.rada.gov.ua/mps/info/page/19859,Єдаков Ярослав Юрійович
http://itd.rada.gov.ua/mps/info/page/18016,Єднак Остап Володимирович
http://itd.rada.gov.ua/mps/info/page/17959,Єленський Віктор Євгенович
http://itd.rada.gov.ua/mps/info/page/4761,Ємець Леонід Олександрович
http://itd.rada.gov.ua/mps/info/page/18090,Єфімов Максим Вікторович
http://itd.rada.gov.ua/mps/info/page/2301,Жеваго Костянтин Валентинович
http://itd.rada.gov.ua/mps/info/page/18091,Жолобецький Олександр Олександрович
http://itd.rada.gov.ua/mps/info/page/18015,Журжій Андрій Валерійович
http://itd.rada.gov.ua/mps/info/page/15730,Заболотний Григорій Михайлович
http://itd.rada.gov.ua/mps/info/page/17991,Загорій Гліб Володимирович
http://itd.rada.gov.ua/mps/info/page/17976,Заліщук Світлана Петрівна
http://itd.rada.gov.ua/mps/info/page/20536,Заружко Валерія Леонідівна
http://itd.rada.gov.ua/mps/info/page/17955,Заставний Роман Йосипович
http://itd.rada.gov.ua/mps/info/page/2158,Зварич Роман Михайлович
http://itd.rada.gov.ua/mps/info/page/833,Звягільський Юхим Леонідович
http://itd.rada.gov.ua/mps/info/page/19126,Зубач Любомир Львович
http://itd.rada.gov.ua/mps/info/page/8771,Зубик Володимир Володимирович
http://itd.rada.gov.ua/mps/info/page/15654,Іванчук Андрій Володимирович
http://itd.rada.gov.ua/mps/info/page/15733,Івахів Степан Петрович
http://itd.rada.gov.ua/mps/info/page/18055,Івченко Вадим Євгенович
http://itd.rada.gov.ua/mps/info/page/15837,Іллєнко Андрій Юрійович
http://itd.rada.gov.ua/mps/info/page/15794,Ільюк Артем Олександрович
http://itd.rada.gov.ua/mps/info/page/15672,Іонова Марія Миколаївна
http://itd.rada.gov.ua/mps/info/page/793,Іоффе Юлій Якович
http://itd.rada.gov.ua/mps/info/page/18092,Іщейкін Костянтин Євгенович
http://itd.rada.gov.ua/mps/info/page/15685,Іщенко Валерій Олександрович
http://itd.rada.gov.ua/mps/info/page/16618,Кадикало Микола Олегович
http://itd.rada.gov.ua/mps/info/page/15801,Каплін Сергій Миколайович
http://itd.rada.gov.ua/mps/info/page/5142,Карпунцов Валерій Віталійович
http://itd.rada.gov.ua/mps/info/page/17967,Кацер-Бучковська Наталія Володимирівна
http://itd.rada.gov.ua/mps/info/page/15816,Кацуба Володимир Михайлович
http://itd.rada.gov.ua/mps/info/page/1351,Кириленко Іван Григорович
http://itd.rada.gov.ua/mps/info/page/12455,Кириченко Олексій Миколайович
http://itd.rada.gov.ua/mps/info/page/18006,Кишкар Павло Миколайович
http://itd.rada.gov.ua/mps/info/page/2320,Ківалов Сергій Васильович
http://itd.rada.gov.ua/mps/info/page/18031,Кіраль Сергій Іванович
http://itd.rada.gov.ua/mps/info/page/18093,Кірш Олександр Вікторович
http://itd.rada.gov.ua/mps/info/page/13694,Кісельов Андрій Миколайович
http://itd.rada.gov.ua/mps/info/page/7371,Кіссе Антон Іванович
http://itd.rada.gov.ua/mps/info/page/18094,Кіт Андрій Богданович
http://itd.rada.gov.ua/mps/info/page/5423,Клімов Леонід Михайлович
http://itd.rada.gov.ua/mps/info/page/8781,Клюєв Сергій Петрович
http://itd.rada.gov.ua/mps/info/page/15645,Княжицький Микола Леонідович
http://itd.rada.gov.ua/mps/info/page/1897,Князевич Руслан Петрович
http://itd.rada.gov.ua/mps/info/page/17990,Кобцев Михайло Валентинович
http://itd.rada.gov.ua/mps/info/page/15309,Кодола Олександр Михайлович
http://itd.rada.gov.ua/mps/info/page/8786,Кожем'якін Андрій Анатолійович
http://itd.rada.gov.ua/mps/info/page/18034,Козак Тарас Романович
http://itd.rada.gov.ua/mps/info/page/7175,Козаченко Леонід Петрович
http://itd.rada.gov.ua/mps/info/page/18095,Козир Борис Юрійович
http://itd.rada.gov.ua/mps/info/page/17414,Колганова Олена Валеріївна
http://itd.rada.gov.ua/mps/info/page/11098,Колєсніков Дмитро Валерійович
http://itd.rada.gov.ua/mps/info/page/11166,Кондратюк Олена Костянтинівна
http://itd.rada.gov.ua/mps/info/page/17981,Кононенко Ігор Віталійович
http://itd.rada.gov.ua/mps/info/page/20103,Констанкевич Ірина Мирославівна
http://itd.rada.gov.ua/mps/info/page/18096,Константіновський Вячеслав Леонідович
http://itd.rada.gov.ua/mps/info/page/18097,Корнацький Аркадій Олексійович
http://itd.rada.gov.ua/mps/info/page/8693,Королевська Наталія Юріївна
http://itd.rada.gov.ua/mps/info/page/2314,Король Віктор Миколайович
http://itd.rada.gov.ua/mps/info/page/18167,Корчик Віталій Андрійович
http://itd.rada.gov.ua/mps/info/page/18165,Корчинська Оксана Анатоліївна
http://itd.rada.gov.ua/mps/info/page/18028,Костенко Павло Петрович
http://itd.rada.gov.ua/mps/info/page/17965,Котвіцький Ігор Олександрович
http://itd.rada.gov.ua/mps/info/page/18048,Кошелєва Альона Володимирівна
http://itd.rada.gov.ua/mps/info/page/17969,Кремінь Тарас Дмитрович
http://itd.rada.gov.ua/mps/info/page/17970,Кривенко Вадим Валерійович
http://itd.rada.gov.ua/mps/info/page/18005,Кривенко Віктор Миколайович
http://itd.rada.gov.ua/mps/info/page/18107,Кривохатько Вадим Вікторович
http://itd.rada.gov.ua/mps/info/page/15901,Кривошея Геннадій Григорович
http://itd.rada.gov.ua/mps/info/page/18108,Кришин Олег Юрійович
http://itd.rada.gov.ua/mps/info/page/6073,Крулько Іван Іванович
http://itd.rada.gov.ua/mps/info/page/17957,Ксенжук Олександр Степанович
http://itd.rada.gov.ua/mps/info/page/17999,Кудлаєнко Сергій Володимирович
http://itd.rada.gov.ua/mps/info/page/735,Кужель Олександра Володимирівна
http://itd.rada.gov.ua/mps/info/page/18109,Кузьменко Анатолій Іванович
http://itd.rada.gov.ua/mps/info/page/15804,Кулініч Олег Іванович
http://itd.rada.gov.ua/mps/info/page/18110,Куліченко Іван Іванович
http://itd.rada.gov.ua/mps/info/page/15840,Куніцин Сергій Володимирович
http://itd.rada.gov.ua/mps/info/page/18050,Купрієнко Олег Васильович
http://itd.rada.gov.ua/mps/info/page/18111,Купрій Віталій Миколайович
http://itd.rada.gov.ua/mps/info/page/8802,Куренной Володимир Костянтинович
http://itd.rada.gov.ua/mps/info/page/8803,Курило Віталій Семенович
http://itd.rada.gov.ua/mps/info/page/13646,Курячий Максим Павлович
http://itd.rada.gov.ua/mps/info/page/18112,Кучер Микола Іванович
http://itd.rada.gov.ua/mps/info/page/15824,Лабазюк Сергій Петрович
http://itd.rada.gov.ua/mps/info/page/18113,Лаврик Микола Іванович
http://itd.rada.gov.ua/mps/info/page/18011,Лаврик Олег Васильович
http://itd.rada.gov.ua/mps/info/page/15756,Ланьо Михайло Іванович
http://itd.rada.gov.ua/mps/info/page/18114,Лапін Ігор Олександрович
http://itd.rada.gov.ua/mps/info/page/2179,Ларін Сергій Миколайович
http://itd.rada.gov.ua/mps/info/page/11694,Левус Андрій Мар'янович
http://itd.rada.gov.ua/mps/info/page/16672,Левченко Юрій Володимирович
http://itd.rada.gov.ua/mps/info/page/17413,Ледовських Олена Володимирівна
http://itd.rada.gov.ua/mps/info/page/10204,Ленський Олексій Олексійович
http://itd.rada.gov.ua/mps/info/page/18605,Лесюк Ярослав Васильович
http://itd.rada.gov.ua/mps/info/page/17977,Лещенко Сергій Анатолійович
http://itd.rada.gov.ua/mps/info/page/5470,Литвин Володимир Михайлович
http://itd.rada.gov.ua/mps/info/page/18115,Лівік Олександр Петрович
http://itd.rada.gov.ua/mps/info/page/18052,Лінько Дмитро Володимирович
http://itd.rada.gov.ua/mps/info/page/17958,Логвинський Георгій Володимирович
http://itd.rada.gov.ua/mps/info/page/15916,Лозовой Андрій Сергійович
http://itd.rada.gov.ua/mps/info/page/8815,Лопушанський Андрій Ярославович
http://itd.rada.gov.ua/mps/info/page/18116,Лубінець Дмитро Валерійович
http://itd.rada.gov.ua/mps/info/page/6332,Лук'янчук Руслан Валерійович
http://itd.rada.gov.ua/mps/info/page/15662,Лунченко Валерій Валерійович
http://itd.rada.gov.ua/mps/info/page/18054,Луценко Ігор Вікторович
http://itd.rada.gov.ua/mps/info/page/15647,Луценко Ірина Степанівна
http://itd.rada.gov.ua/mps/info/page/7718,Льовочкін Сергій Володимирович
http://itd.rada.gov.ua/mps/info/page/11109,Льовочкіна Юлія Володимирівна
http://itd.rada.gov.ua/mps/info/page/18117,Люшняк Микола Володимирович
http://itd.rada.gov.ua/mps/info/page/8818,Ляшко Олег Валерійович
http://itd.rada.gov.ua/mps/info/page/15972,Макар'ян Давид Борисович
http://itd.rada.gov.ua/mps/info/page/18163,Македон Юрій Миколайович
http://itd.rada.gov.ua/mps/info/page/17974,Мамчур Юлій Валерійович
http://itd.rada.gov.ua/mps/info/page/18013,Маркевич Ярослав Володимирович
http://itd.rada.gov.ua/mps/info/page/15732,Мартиняк Сергій Васильович
http://itd.rada.gov.ua/mps/info/page/15744,Мартовицький Артур Володимирович
http://itd.rada.gov.ua/mps/info/page/18118,Марченко Олександр Олександрович
http://itd.rada.gov.ua/mps/info/page/17966,Масоріна Олена Сергіївна
http://itd.rada.gov.ua/mps/info/page/2262,Матвієнко Анатолій Сергійович
http://itd.rada.gov.ua/mps/info/page/2356,Матвієнков Сергій Анатолійович
http://itd.rada.gov.ua/mps/info/page/5500,Матвійчук Едуард Леонідович
http://itd.rada.gov.ua/mps/info/page/17953,Матейченко Костянтин Володимирович
http://itd.rada.gov.ua/mps/info/page/15665,Матіос Марія Василівна
http://itd.rada.gov.ua/mps/info/page/18119,Матківський Богдан Миронович
http://itd.rada.gov.ua/mps/info/page/11342,Матузко Олена Олександрівна
http://itd.rada.gov.ua/mps/info/page/18120,Мацола Роман Миколайович
http://itd.rada.gov.ua/mps/info/page/12003,Медуниця Олег Вячеславович
http://itd.rada.gov.ua/mps/info/page/18161,Мельник Сергій Іванович
http://itd.rada.gov.ua/mps/info/page/15828,Мельниченко Володимир Володимирович
http://itd.rada.gov.ua/mps/info/page/18121,Мельничук Іван Іванович
http://itd.rada.gov.ua/mps/info/page/18039,Мельничук Сергій Петрович
http://itd.rada.gov.ua/mps/info/page/19740,Мепарішвілі Хвича Нодарович
http://itd.rada.gov.ua/mps/info/page/20107,Микитась Максим Вікторович
http://itd.rada.gov.ua/mps/info/page/11106,Мирний Іван Миколайович
http://itd.rada.gov.ua/mps/info/page/15814,Мисик Володимир Юрійович
http://itd.rada.gov.ua/mps/info/page/8826,Мірошниченко Юрій Романович
http://itd.rada.gov.ua/mps/info/page/18014,Мірошніченко Іван Володимирович
http://itd.rada.gov.ua/mps/info/page/8827,Міщенко Сергій Григорович
http://itd.rada.gov.ua/mps/info/page/15810,Молоток Ігор Федорович
http://itd.rada.gov.ua/mps/info/page/11102,Мороко Юрій Миколайович
http://itd.rada.gov.ua/mps/info/page/18045,Мосійчук Ігор Володимирович
http://itd.rada.gov.ua/mps/info/page/15773,Москаленко Ярослав Миколайович
http://itd.rada.gov.ua/mps/info/page/15819,Мураєв Євгеній Володимирович
http://itd.rada.gov.ua/mps/info/page/16517,Мусій Олег Степанович
http://itd.rada.gov.ua/mps/info/page/17996,Мушак Олексій Петрович
http://itd.rada.gov.ua/mps/info/page/17978,Найєм Мустафа-Масі
http://itd.rada.gov.ua/mps/info/page/15823,Негой Федір Федорович
http://itd.rada.gov.ua/mps/info/page/18122,Недава Олег Анатолійович
http://itd.rada.gov.ua/mps/info/page/19058,Немировський Андрій Валентинович
http://itd.rada.gov.ua/mps/info/page/8830,Немиря Григорій Михайлович
http://itd.rada.gov.ua/mps/info/page/18123,Нестеренко Вадим Григорович
http://itd.rada.gov.ua/mps/info/page/15725,Нечаєв Олександр Ігоревич
http://itd.rada.gov.ua/mps/info/page/15830,Ничипоренко Валентин Миколайович
http://itd.rada.gov.ua/mps/info/page/18037,Німченко Василь Іванович
http://itd.rada.gov.ua/mps/info/page/13379,Новак Наталія Василівна
http://itd.rada.gov.ua/mps/info/page/17108,Новинський Вадим Владиславович
http://itd.rada.gov.ua/mps/info/page/8832,Одарченко Юрій Віталійович
http://itd.rada.gov.ua/mps/info/page/13562,Омельянович Денис Сергійович
http://itd.rada.gov.ua/mps/info/page/15771,Онищенко Олександр Романович
http://itd.rada.gov.ua/mps/info/page/17982,Онуфрик Богдан Семенович
http://itd.rada.gov.ua/mps/info/page/18019,Опанасенко Олександр Валерійович
http://itd.rada.gov.ua/mps/info/page/15817,Остапчук Віктор Миколайович
http://itd.rada.gov.ua/mps/info/page/18018,Острікова Тетяна Георгіївна
http://itd.rada.gov.ua/mps/info/page/15806,Осуховський Олег Іванович
http://itd.rada.gov.ua/mps/info/page/15651,Павелко Андрій Васильович
http://itd.rada.gov.ua/mps/info/page/5380,Павленко Юрій Олексійович
http://itd.rada.gov.ua/mps/info/page/15741,Павлов Костянтин Юрійович
http://itd.rada.gov.ua/mps/info/page/15671,Паламарчук Микола Петрович
http://itd.rada.gov.ua/mps/info/page/15670,Палатний Артур Леонідович
http://itd.rada.gov.ua/mps/info/page/5464,Папієв Михайло Миколайович
http://itd.rada.gov.ua/mps/info/page/18124,Парасюк Володимир Зіновійович
http://itd.rada.gov.ua/mps/info/page/11584,Парубій Андрій Володимирович
http://itd.rada.gov.ua/mps/info/page/18125,Пастух Тарас Тимофійович
http://itd.rada.gov.ua/mps/info/page/8696,Пашинський Сергій Володимирович
http://itd.rada.gov.ua/mps/info/page/18126,Петренко Олег Миколайович
http://itd.rada.gov.ua/mps/info/page/11131,Петьовка Василь Васильович
http://itd.rada.gov.ua/mps/info/page/862,Пинзеник Віктор Михайлович
http://itd.rada.gov.ua/mps/info/page/8125,Пинзеник Павло Васильович
http://itd.rada.gov.ua/mps/info/page/8838,Писаренко Валерій Володимирович
http://itd.rada.gov.ua/mps/info/page/19622,Підберезняк Вадим Іванович
http://itd.rada.gov.ua/mps/info/page/18025,Підлісецький Лев Теофілович
http://itd.rada.gov.ua/mps/info/page/15680,Побер Ігор Миколайович
http://itd.rada.gov.ua/mps/info/page/20626,Побочіх Михайло Олександрович
http://itd.rada.gov.ua/mps/info/page/18127,Подоляк Ірина Ігорівна
http://itd.rada.gov.ua/mps/info/page/17960,Поляков Максим Анатолійович
http://itd.rada.gov.ua/mps/info/page/18164,Помазанов Андрій Віталійович
http://itd.rada.gov.ua/mps/info/page/15760,Пономарьов Олександр Сергійович
http://itd.rada.gov.ua/mps/info/page/5422,Поплавський Михайло Михайлович
http://itd.rada.gov.ua/mps/info/page/18042,Попов Ігор Володимирович
http://itd.rada.gov.ua/mps/info/page/18128,Порошенко Олексій Петрович
http://itd.rada.gov.ua/mps/info/page/15800,Пресман Олександр Семенович
http://itd.rada.gov.ua/mps/info/page/11620,Присяжнюк Олександр Анатолійович
http://itd.rada.gov.ua/mps/info/page/15667,Продан Оксана Петрівна
http://itd.rada.gov.ua/mps/info/page/18022,Пташник Вікторія Юріївна
http://itd.rada.gov.ua/mps/info/page/18032,Рабінович Вадим Зіновійович
http://itd.rada.gov.ua/mps/info/page/2308,Развадовський Віктор Йосипович
http://itd.rada.gov.ua/mps/info/page/18414,Ревега Олександр Васильович
http://itd.rada.gov.ua/mps/info/page/18129,Река Андрій Олександрович
http://itd.rada.gov.ua/mps/info/page/9123,Рибак Іван Петрович
http://itd.rada.gov.ua/mps/info/page/18053,Рибалка Сергій Вікторович
http://itd.rada.gov.ua/mps/info/page/18130,Рибчинський Євген Юрійович
http://itd.rada.gov.ua/mps/info/page/20105,Ричкова Тетяна Борисівна
http://itd.rada.gov.ua/mps/info/page/15774,Різаненко Павло Олександрович
http://itd.rada.gov.ua/mps/info/page/18131,Розенблат Борислав Соломонович
http://itd.rada.gov.ua/mps/info/page/18029,Романова Анна Анатоліївна
http://itd.rada.gov.ua/mps/info/page/18245,Романовський Олександр Володимирович
http://itd.rada.gov.ua/mps/info/page/18132,Романюк Віктор Миколайович
http://itd.rada.gov.ua/mps/info/page/10096,Романюк Роман Сергійович
http://itd.rada.gov.ua/mps/info/page/16430,Рудик Сергій Ярославович
http://itd.rada.gov.ua/mps/info/page/18056,Рябчин Олексій Михайлович
http://itd.rada.gov.ua/mps/info/page/5582,Сабашук Петро Павлович
http://itd.rada.gov.ua/mps/info/page/20777,Савка Іван Іванович
http://itd.rada.gov.ua/mps/info/page/19858,Саврасов Максим Віталійович
http://itd.rada.gov.ua/mps/info/page/18166,Савченко Надія Вікторівна
http://itd.rada.gov.ua/mps/info/page/15681,Савчук Юрій Петрович
http://itd.rada.gov.ua/mps/info/page/18133,Сажко Сергій Миколайович
http://itd.rada.gov.ua/mps/info/page/5541,Святаш Дмитро Володимирович
http://itd.rada.gov.ua/mps/info/page/19405,Севрюков Владислав Володимирович
http://itd.rada.gov.ua/mps/info/page/18026,Семенуха Роман Сергійович
http://itd.rada.gov.ua/mps/info/page/18003,Семенченко Семен Ігорович
http://itd.rada.gov.ua/mps/info/page/18020,Сидорович Руслан Михайлович
http://itd.rada.gov.ua/mps/info/page/17954,Сидорчук Вадим Васильович
http://itd.rada.gov.ua/mps/info/page/18047,Силантьєв Денис Олегович
http://itd.rada.gov.ua/mps/info/page/3180,Сироїд Оксана Іванівна
http://itd.rada.gov.ua/mps/info/page/18024,Сисоєнко Ірина Володимирівна
http://itd.rada.gov.ua/mps/info/page/18033,Скорик Микола Леонідович
http://itd.rada.gov.ua/mps/info/page/18004,Скрипник Олексій Олексійович
http://itd.rada.gov.ua/mps/info/page/18051,Скуратовський Сергій Іванович
http://itd.rada.gov.ua/mps/info/page/18012,Соболєв Єгор Вікторович
http://itd.rada.gov.ua/mps/info/page/386,Соболєв Сергій Владиславович
http://itd.rada.gov.ua/mps/info/page/18134,Соловей Юрій Ігорович
http://itd.rada.gov.ua/mps/info/page/18135,Солод Юрій Васильович
http://itd.rada.gov.ua/mps/info/page/15769,Сольвар Руслан Миколайович
http://itd.rada.gov.ua/mps/info/page/17968,Соляр Володимир Миронович
http://itd.rada.gov.ua/mps/info/page/18010,Сотник Олена Сергіївна
http://itd.rada.gov.ua/mps/info/page/12270,Сочка Олександр Олександрович
http://itd.rada.gov.ua/mps/info/page/18136,Співаковський Олександр Володимирович
http://itd.rada.gov.ua/mps/info/page/18137,Спориш Іван Дмитрович
http://itd.rada.gov.ua/mps/info/page/18138,Сташук Віталій Филимонович
http://itd.rada.gov.ua/mps/info/page/18220,Стеценко Дмитро Олександрович
http://itd.rada.gov.ua/mps/info/page/18139,Сугоняко Олександр Леонідович
http://itd.rada.gov.ua/mps/info/page/11097,Супруненко Олександр Іванович
http://itd.rada.gov.ua/mps/info/page/11999,Суслова Ірина Миколаївна
http://itd.rada.gov.ua/mps/info/page/17948,Сюмар Вікторія Петрівна
http://itd.rada.gov.ua/mps/info/page/5486,Тарасюк Борис Іванович
http://itd.rada.gov.ua/mps/info/page/18140,Тарута Сергій Олексійович
http://itd.rada.gov.ua/mps/info/page/17947,Тетерук Андрій Анатолійович
http://itd.rada.gov.ua/mps/info/page/1792,Тимошенко Юлія Володимирівна
http://itd.rada.gov.ua/mps/info/page/18141,Тимошенко Юрій Володимирович
http://itd.rada.gov.ua/mps/info/page/17950,Тимчук Дмитро Борисович
http://itd.rada.gov.ua/mps/info/page/18142,Тіміш Григорій Іванович
http://itd.rada.gov.ua/mps/info/page/15676,Ткачук Геннадій Віталійович
http://itd.rada.gov.ua/mps/info/page/5504,Третьяков Олександр Юрійович
http://itd.rada.gov.ua/mps/info/page/17987,Тригубенко Сергій Миколайович
http://itd.rada.gov.ua/mps/info/page/9540,Унгурян Павло Якимович
http://itd.rada.gov.ua/mps/info/page/18143,Урбанський Олександр Ігорович
http://itd.rada.gov.ua/mps/info/page/18144,Усов Костянтин Глібович
http://itd.rada.gov.ua/mps/info/page/15653,Фаєрмарк Сергій Олександрович
http://itd.rada.gov.ua/mps/info/page/15831,Федорук Микола Трохимович
http://itd.rada.gov.ua/mps/info/page/5542,Фельдман Олександр Борисович
http://itd.rada.gov.ua/mps/info/page/18146,Фролов Микола Олександрович
http://itd.rada.gov.ua/mps/info/page/15799,Фурсін Іван Геннадійович
http://itd.rada.gov.ua/mps/info/page/18147,Хлань Сергій Володимирович
http://itd.rada.gov.ua/mps/info/page/15785,Хміль Михайло Михайлович
http://itd.rada.gov.ua/mps/info/page/5549,Хомутиннік Віталій Юрійович
http://itd.rada.gov.ua/mps/info/page/7741,Чекіта Геннадій Леонідович
http://itd.rada.gov.ua/mps/info/page/8715,Чепинога Віталій Михайлович
http://itd.rada.gov.ua/mps/info/page/17989,Червакова Ольга Валеріївна
http://itd.rada.gov.ua/mps/info/page/17979,Черненко Олександр Миколайович
http://itd.rada.gov.ua/mps/info/page/18218,Чижмарь Юрій Васильович
http://itd.rada.gov.ua/mps/info/page/17946,Чорновол Тетяна Миколаївна
http://itd.rada.gov.ua/mps/info/page/2340,Чубаров Рефат Абдурахманович
http://itd.rada.gov.ua/mps/info/page/15836,Чумак Віктор Васильович
http://itd.rada.gov.ua/mps/info/page/15803,Шаповалов Юрій Анатолійович
http://itd.rada.gov.ua/mps/info/page/20106,Шахов Сергій Володимирович
http://itd.rada.gov.ua/mps/info/page/19404,Шверк Григорій Аронович
http://itd.rada.gov.ua/mps/info/page/20104,Шевченко Віктор Леонідович
http://itd.rada.gov.ua/mps/info/page/17650,Шевченко Олександр Леонідович
http://itd.rada.gov.ua/mps/info/page/8885,Шенцев Дмитро Олексійович
http://itd.rada.gov.ua/mps/info/page/8473,Шинькович Андрій Васильович
http://itd.rada.gov.ua/mps/info/page/5785,Шипко Андрій Федорович
http://itd.rada.gov.ua/mps/info/page/15658,Шкварилюк Володимир Васильович
http://itd.rada.gov.ua/mps/info/page/5399,Шкіря Ігор Миколайович
http://itd.rada.gov.ua/mps/info/page/16532,Шкрум Альона Іванівна
http://itd.rada.gov.ua/mps/info/page/11096,Шпенов Дмитро Юрійович
http://itd.rada.gov.ua/mps/info/page/6548,Шурма Ігор Михайлович
http://itd.rada.gov.ua/mps/info/page/2274,Шуфрич Нестор Іванович
http://itd.rada.gov.ua/mps/info/page/18041,Шухевич Юрій-Богдан Романович
http://itd.rada.gov.ua/mps/info/page/17980,Южаніна Ніна Петрівна
http://itd.rada.gov.ua/mps/info/page/18148,Юрик Тарас Зіновійович
http://itd.rada.gov.ua/mps/info/page/18149,Юринець Оксана Василівна
http://itd.rada.gov.ua/mps/info/page/18150,Юрчишин Петро Васильович
http://itd.rada.gov.ua/mps/info/page/18151,Яніцький Василь Петрович
http://itd.rada.gov.ua/mps/info/page/18152,Яриніч Костянтин Володимирович
http://itd.rada.gov.ua/mps/info/page/18153,Ярош Дмитро Анатолійович
http://itd.rada.gov.ua/mps/info/page/4339,Яценко Антон Володимирович
